item_id,merchant_id,item_name,category,selling_price,food_cost,contribution_margin,is_active,created_at
I0001,M045,Gulab Jamun,Desserts,204,51,153,1,2023-08-01 06:48:50
I0002,M037,Spring Rolls,Chinese,194,66,128,1,2022-08-16 18:14:03
I0003,M023,Palak Paneer,Indian Main Course,357,122,235,1,2024-08-16 08:17:38
I0004,M032,Idli Sambar,South Indian,62,18,44,1,2022-08-21 14:32:34
I0005,M009,Coke,Beverages,82,14,68,1,2023-01-12 21:36:17
I0006,M030,Cold Coffee,Beverages,31,4,27,1,2024-05-28 05:34:20
I0007,M032,Spring Rolls,Chinese,340,87,253,1,2022-04-08 03:45:57
I0008,M042,Gulab Jamun,Desserts,85,18,67,0,2024-11-08 20:11:38
I0009,M029,Chicken 65,Snacks,64,19,45,1,2022-02-23 07:17:02
I0010,M047,Masala Chai,Beverages,90,15,75,1,2024-04-22 16:58:45
I0011,M034,Chicken Biryani,Biryani,413,122,291,1,2022-01-17 12:59:47
I0012,M023,Medu Vada,South Indian,174,40,134,1,2024-10-09 03:27:23
I0013,M021,Veg Biryani,Biryani,265,72,193,1,2024-02-22 23:35:59
I0014,M035,Mango Lassi,Beverages,115,28,87,1,2024-05-11 04:10:26
I0015,M023,Mango Lassi,Beverages,35,8,27,1,2022-10-10 04:10:06
I0016,M020,Medu Vada,South Indian,81,16,65,0,2024-09-26 06:52:56
I0017,M032,Margherita Pizza,Pizza,379,145,234,1,2023-03-15 07:06:22
I0018,M032,Veggie Burger,Burger,280,130,150,1,2022-12-01 12:51:38
I0019,M029,Pepperoni Pizza,Pizza,361,157,204,1,2024-02-07 09:41:40
I0020,M005,Filter Coffee,Beverages,78,13,65,1,2024-07-15 15:49:19
I0021,M005,Mutton Biryani,Biryani,457,124,333,1,2023-05-08 14:08:58
I0022,M041,Veggie Burger,Burger,131,64,67,1,2022-12-21 15:49:39
I0023,M039,Samosa,Snacks,87,22,65,1,2025-01-30 16:39:35
I0024,M048,Idli Sambar,South Indian,80,23,57,1,2023-06-13 06:40:07
I0025,M021,Idli Sambar,South Indian,76,16,60,1,2022-05-06 18:33:19
I0026,M015,Dal Makhani,Indian Main Course,201,70,131,1,2022-08-16 14:25:18
I0027,M027,Double Patty Burger,Burger,284,126,158,1,2024-03-01 17:40:45
I0028,M010,Chicken Biryani,Biryani,245,70,175,1,2022-10-12 22:51:27
I0029,M022,Chicken Biryani,Biryani,271,78,193,1,2023-03-03 12:43:39
I0030,M009,Pepperoni Pizza,Pizza,514,198,316,1,2025-01-22 17:59:24
I0031,M038,Veg Biryani,Biryani,328,105,223,1,2023-12-30 04:35:02
I0032,M008,Samosa,Snacks,92,23,69,1,2025-02-01 04:27:02
I0033,M013,Chilli Chicken,Chinese,148,39,109,1,2024-02-11 03:18:48
I0034,M033,Garlic Bread,Snacks,182,61,121,1,2023-03-31 11:17:24
I0035,M040,Gajar Halwa,Desserts,235,59,176,1,2024-06-17 05:51:00
I0036,M047,Hakka Noodles,Chinese,292,81,211,1,2023-12-02 19:07:52
I0037,M009,Chicken 65,Snacks,118,39,79,1,2023-07-09 11:51:11
I0038,M016,Egg Biryani,Biryani,306,101,205,1,2023-04-04 17:14:36
I0039,M036,Medu Vada,South Indian,131,38,93,1,2022-12-31 23:05:27
I0040,M033,Veg Manchurian,Chinese,335,102,233,0,2023-11-11 15:02:55
I0041,M019,Gajar Halwa,Desserts,163,46,117,1,2022-03-04 13:20:51
I0042,M030,Margherita Pizza,Pizza,455,171,284,1,2024-11-26 08:23:35
I0043,M012,Mango Lassi,Beverages,50,11,39,1,2022-01-02 20:36:28
I0044,M002,Veggie Burger,Burger,169,77,92,1,2022-09-18 08:19:34
I0045,M006,Palak Paneer,Indian Main Course,80,24,56,1,2022-11-08 10:47:46
I0046,M039,Uttapam,South Indian,75,16,59,1,2024-08-14 12:12:53
I0047,M050,Margherita Pizza,Pizza,565,199,366,1,2025-01-21 01:04:24
I0048,M019,Mango Lassi,Beverages,133,20,113,1,2023-10-15 16:59:08
I0049,M001,Spring Rolls,Chinese,333,110,223,1,2023-07-02 07:57:46
I0050,M032,Double Patty Burger,Burger,284,137,147,1,2023-02-11 07:02:14
I0051,M048,Vada Pav,Snacks,51,16,35,1,2022-06-06 01:46:34
I0052,M030,Chocolate Brownie,Desserts,197,45,152,1,2023-04-10 05:43:44
I0053,M004,Chilli Chicken,Chinese,340,93,247,1,2023-04-03 20:14:16
I0054,M008,Masala Dosa,South Indian,179,50,129,1,2022-03-09 04:22:38
I0055,M042,Veg Manchurian,Chinese,254,85,169,1,2024-06-12 06:28:24
I0056,M032,Gajar Halwa,Desserts,194,44,150,1,2022-08-15 13:25:02
I0057,M023,Idli Sambar,South Indian,149,40,109,1,2024-05-26 01:20:08
I0058,M015,Medu Vada,South Indian,171,34,137,1,2025-01-10 00:09:54
I0059,M022,Palak Paneer,Indian Main Course,308,106,202,1,2023-10-01 15:46:57
I0060,M047,Veg Biryani,Biryani,277,89,188,1,2022-06-02 20:33:50
I0061,M017,Medu Vada,South Indian,168,41,127,1,2024-06-07 12:57:59
I0062,M027,Paneer Tikka Pizza,Pizza,373,156,217,1,2023-09-23 09:08:00
I0063,M007,Mutton Biryani,Biryani,382,100,282,1,2023-07-31 08:34:17
I0064,M042,Ice Cream,Desserts,213,61,152,1,2023-09-30 22:47:14
I0065,M019,Ice Cream,Desserts,244,73,171,0,2022-07-15 15:53:27
I0066,M037,Veggie Burger,Burger,200,94,106,1,2022-05-10 17:32:08
I0067,M005,Egg Biryani,Biryani,471,156,315,1,2024-01-29 03:18:52
I0068,M042,Chicken Biryani,Biryani,293,78,215,1,2023-04-29 06:58:25
I0069,M039,Coke,Beverages,142,34,108,1,2025-01-05 14:27:13
I0070,M040,Margherita Pizza,Pizza,334,118,216,1,2023-02-24 06:34:57
I0071,M037,Pepperoni Pizza,Pizza,383,140,243,1,2023-12-16 13:56:39
I0072,M039,Mango Lassi,Beverages,75,12,63,1,2022-06-29 19:56:21
I0073,M039,Vada Pav,Snacks,82,26,56,1,2024-01-29 06:45:59
I0074,M044,Cold Coffee,Beverages,79,12,67,1,2022-07-15 15:34:47
I0075,M033,Vada Pav,Snacks,42,11,31,1,2024-08-12 13:38:35
I0076,M035,Margherita Pizza,Pizza,305,114,191,1,2024-06-27 14:01:58
I0077,M013,Rava Dosa,South Indian,178,36,142,1,2023-09-15 15:14:50
I0078,M048,Aloo Gobi,Indian Main Course,237,89,148,1,2022-06-03 13:17:27
I0079,M036,Medu Vada,South Indian,89,24,65,1,2023-05-07 15:28:45
I0080,M004,Margherita Pizza,Pizza,442,174,268,1,2022-01-18 22:42:35
I0081,M009,French Fries,Snacks,92,29,63,1,2024-10-05 02:39:36
I0082,M005,Egg Biryani,Biryani,388,120,268,1,2024-01-14 12:45:21
I0083,M014,Masala Chai,Beverages,58,9,49,1,2024-09-20 10:46:21
I0084,M021,French Fries,Snacks,186,56,130,1,2024-06-23 04:16:03
I0085,M008,Uttapam,South Indian,161,44,117,1,2022-01-01 22:53:38
I0086,M040,Medu Vada,South Indian,143,30,113,1,2023-09-15 02:58:43
I0087,M045,Classic Chicken Burger,Burger,171,76,95,1,2024-06-11 15:38:07
I0088,M036,French Fries,Snacks,135,45,90,0,2023-05-05 20:08:55
I0089,M044,Chilli Chicken,Chinese,276,73,203,1,2025-02-04 08:33:54
I0090,M015,Veg Biryani,Biryani,330,102,228,1,2023-03-25 01:44:49
I0091,M021,Garlic Bread,Snacks,99,25,74,1,2023-03-22 22:03:55
I0092,M023,Cheese Burger,Burger,229,101,128,1,2022-01-04 18:49:51
I0093,M030,Mutton Biryani,Biryani,498,173,325,1,2025-01-04 13:03:49
I0094,M035,Chocolate Brownie,Desserts,141,32,109,1,2023-01-17 00:13:20
I0095,M021,Chicken 65,Snacks,163,55,108,1,2024-04-05 15:41:53
I0096,M022,Ice Cream,Desserts,92,26,66,1,2022-02-18 05:21:26
I0097,M009,Spring Rolls,Chinese,153,48,105,1,2024-04-01 18:32:03
I0098,M017,Cheese Burger,Burger,292,134,158,1,2024-12-20 02:53:27
I0099,M039,Paneer Butter Masala,Indian Main Course,275,97,178,0,2024-04-13 11:56:38
I0100,M028,Masala Dosa,South Indian,175,40,135,1,2022-05-11 16:48:21
I0101,M032,Chocolate Brownie,Desserts,168,44,124,1,2024-03-23 00:19:43
I0102,M011,Dal Makhani,Indian Main Course,100,30,70,1,2022-06-23 08:07:49
I0103,M018,French Fries,Snacks,191,62,129,1,2023-07-12 03:16:03
I0104,M024,Gajar Halwa,Desserts,128,32,96,1,2024-05-17 10:22:48
I0105,M008,Gulab Jamun,Desserts,84,24,60,1,2023-08-17 22:27:47
I0106,M001,Butter Chicken,Indian Main Course,367,134,233,1,2022-07-14 14:37:07
I0107,M025,Chocolate Brownie,Desserts,140,31,109,1,2023-06-03 03:47:45
I0108,M003,Egg Biryani,Biryani,405,139,266,1,2024-01-23 02:17:09
I0109,M017,Cold Coffee,Beverages,140,30,110,1,2024-03-30 20:19:30
I0110,M034,Chicken Biryani,Biryani,382,101,281,1,2022-01-31 05:22:57
I0111,M044,Cheese Burger,Burger,212,89,123,1,2022-06-22 10:24:48
I0112,M036,Samosa,Snacks,148,48,100,1,2023-09-26 11:49:11
I0113,M020,Ice Cream,Desserts,188,53,135,1,2022-08-29 11:49:20
I0114,M042,Veggie Burger,Burger,197,93,104,1,2022-03-24 12:12:30
I0115,M024,BBQ Chicken Pizza,Pizza,563,240,323,1,2023-08-18 11:27:24
I0116,M044,Fried Rice,Chinese,239,78,161,1,2023-03-15 04:08:05
I0117,M027,Butter Chicken,Indian Main Course,448,172,276,1,2022-09-09 08:59:23
I0118,M013,Medu Vada,South Indian,101,27,74,1,2022-06-17 06:59:45
I0119,M033,Aloo Gobi,Indian Main Course,364,117,247,1,2023-09-25 02:04:01
I0120,M020,Paneer Tikka Pizza,Pizza,578,225,353,1,2024-11-08 14:58:07
I0121,M009,Paneer Tikka Pizza,Pizza,455,182,273,1,2023-04-18 09:15:39
I0122,M004,Aloo Gobi,Indian Main Course,385,145,240,1,2022-04-05 12:26:44
I0123,M032,French Fries,Snacks,145,49,96,1,2023-11-04 01:34:44
I0124,M016,Veg Manchurian,Chinese,238,60,178,1,2024-10-02 14:07:06
I0125,M009,Chicken Biryani,Biryani,332,107,225,1,2022-09-05 14:48:44
I0126,M038,Coke,Beverages,113,23,90,1,2025-02-08 20:25:45
I0127,M041,Mango Lassi,Beverages,55,11,44,1,2023-02-02 13:38:40
I0128,M013,Chocolate Brownie,Desserts,111,30,81,1,2024-07-26 21:13:28
I0129,M004,Chilli Chicken,Chinese,335,87,248,1,2024-06-18 01:16:07
I0130,M050,Hakka Noodles,Chinese,250,86,164,1,2023-10-15 09:54:52
I0131,M009,Veg Manchurian,Chinese,239,72,167,1,2023-08-19 11:51:33
I0132,M039,Mutton Biryani,Biryani,363,109,254,0,2024-03-20 23:07:41
I0133,M033,Idli Sambar,South Indian,137,34,103,1,2022-10-26 03:43:55
I0134,M023,Filter Coffee,Beverages,146,30,116,1,2023-07-24 01:43:22
I0135,M030,Chicken 65,Snacks,172,57,115,1,2023-10-11 02:30:39
I0136,M031,Chicken Biryani,Biryani,315,95,220,1,2022-09-01 11:37:00
I0137,M007,Uttapam,South Indian,93,27,66,1,2023-12-17 02:23:03
I0138,M026,Cheese Burger,Burger,267,125,142,1,2025-02-16 22:23:44
I0139,M035,Butter Chicken,Indian Main Course,206,67,139,1,2022-09-21 03:13:08
I0140,M031,Dal Makhani,Indian Main Course,390,153,237,1,2024-05-09 13:42:25
I0141,M032,Gajar Halwa,Desserts,90,23,67,1,2024-01-08 01:14:59
I0142,M021,Egg Biryani,Biryani,498,140,358,1,2022-05-12 22:07:05
I0143,M031,Mutton Biryani,Biryani,291,101,190,1,2023-03-30 05:00:11
I0144,M032,Veg Biryani,Biryani,397,128,269,1,2023-10-29 09:01:08
I0145,M017,Garlic Bread,Snacks,132,43,89,1,2022-06-28 05:34:23
I0146,M006,Rasmalai,Desserts,135,28,107,1,2023-06-03 05:07:17
I0147,M012,Veg Manchurian,Chinese,270,90,180,1,2024-05-30 04:20:36
I0148,M009,Paneer Tikka Pizza,Pizza,545,224,321,1,2023-03-12 20:56:54
I0149,M019,Paneer Butter Masala,Indian Main Course,334,121,213,1,2023-09-13 11:07:05
I0150,M037,Idli Sambar,South Indian,129,38,91,1,2024-10-27 01:11:01
I0151,M013,Gajar Halwa,Desserts,150,32,118,1,2023-06-10 17:17:58
I0152,M029,Paneer Biryani,Biryani,329,95,234,1,2024-10-24 12:10:59
I0153,M006,Butter Chicken,Indian Main Course,205,65,140,1,2025-02-13 06:39:29
I0154,M023,Margherita Pizza,Pizza,345,149,196,1,2025-01-15 03:21:29
I0155,M019,Paneer Tikka Pizza,Pizza,317,136,181,1,2022-12-28 21:22:51
I0156,M032,Uttapam,South Indian,69,15,54,1,2023-09-21 13:37:12
I0157,M017,Double Patty Burger,Burger,142,57,85,1,2022-08-04 00:19:41
I0158,M050,Egg Biryani,Biryani,468,157,311,1,2023-05-21 08:04:54
I0159,M008,Coke,Beverages,137,32,105,1,2022-01-07 21:04:03
I0160,M050,Coke,Beverages,66,14,52,1,2023-05-13 03:07:36
I0161,M047,Veggie Burger,Burger,207,94,113,1,2023-09-06 05:05:26
I0162,M048,Margherita Pizza,Pizza,258,104,154,1,2023-03-19 20:43:00
I0163,M046,Aloo Gobi,Indian Main Course,378,139,239,1,2024-06-03 14:48:01
I0164,M039,Medu Vada,South Indian,106,23,83,1,2025-01-05 15:49:09
I0165,M043,Egg Biryani,Biryani,410,104,306,0,2023-10-25 16:03:38
I0166,M012,Paneer Tikka Pizza,Pizza,578,219,359,1,2022-12-23 20:08:01
I0167,M047,Paneer Butter Masala,Indian Main Course,246,76,170,1,2022-07-23 13:47:51
I0168,M019,Veg Manchurian,Chinese,148,49,99,1,2024-03-03 19:25:54
I0169,M008,Chicken Biryani,Biryani,425,144,281,1,2022-11-16 11:03:18
I0170,M040,Margherita Pizza,Pizza,515,207,308,1,2023-08-30 19:25:46
I0171,M003,Cheese Burger,Burger,284,129,155,1,2023-05-09 18:56:39
I0172,M017,Uttapam,South Indian,97,25,72,1,2023-06-26 22:34:58
I0173,M007,Medu Vada,South Indian,123,29,94,1,2023-11-08 05:29:37
I0174,M024,Paneer Tikka Pizza,Pizza,494,214,280,1,2022-08-23 23:21:22
I0175,M025,Masala Chai,Beverages,62,12,50,1,2023-05-06 18:22:52
I0176,M040,Butter Chicken,Indian Main Course,324,121,203,1,2024-10-18 10:27:01
I0177,M044,Medu Vada,South Indian,126,28,98,1,2024-09-04 23:10:26
I0178,M016,Masala Dosa,South Indian,102,25,77,1,2024-02-16 02:02:23
I0179,M015,French Fries,Snacks,105,26,79,1,2024-03-04 13:02:22
I0180,M008,Veg Manchurian,Chinese,143,47,96,1,2023-11-15 16:09:48
I0181,M048,Vada Pav,Snacks,181,54,127,1,2023-06-30 15:10:02
I0182,M004,Vada Pav,Snacks,142,40,102,1,2023-12-23 15:41:04
I0183,M020,Filter Coffee,Beverages,99,18,81,1,2022-11-13 02:39:07
I0184,M013,Palak Paneer,Indian Main Course,423,158,265,1,2024-03-09 13:59:31
I0185,M028,Paneer Butter Masala,Indian Main Course,285,111,174,1,2022-03-03 03:34:57
I0186,M020,Margherita Pizza,Pizza,304,127,177,1,2022-02-24 02:11:19
I0187,M042,Vada Pav,Snacks,67,17,50,1,2022-12-26 22:09:39
I0188,M015,Cold Coffee,Beverages,82,16,66,1,2023-11-06 00:14:11
I0189,M032,Cheese Burger,Burger,288,125,163,0,2022-03-13 12:51:22
I0190,M002,Filter Coffee,Beverages,82,13,69,1,2023-11-28 12:35:18
I0191,M014,Gajar Halwa,Desserts,170,50,120,1,2023-12-30 07:48:57
I0192,M019,Filter Coffee,Beverages,60,11,49,1,2023-06-26 07:56:46
I0193,M026,Veggie Burger,Burger,139,57,82,1,2023-11-25 18:09:22
I0194,M014,Chicken 65,Snacks,181,56,125,1,2024-09-05 09:49:35
I0195,M019,Mango Lassi,Beverages,127,21,106,1,2024-05-18 06:35:06
I0196,M021,Chilli Chicken,Chinese,319,105,214,0,2022-06-27 00:04:47
I0197,M023,Medu Vada,South Indian,99,24,75,1,2024-11-05 02:11:17
I0198,M025,BBQ Chicken Pizza,Pizza,572,252,320,1,2023-11-01 13:50:03
I0199,M015,Pepperoni Pizza,Pizza,295,125,170,1,2025-02-06 22:35:58
I0200,M032,Chilli Chicken,Chinese,247,85,162,1,2022-06-19 01:01:50
I0201,M025,Fried Rice,Chinese,304,95,209,1,2024-02-15 07:54:15
I0202,M038,Samosa,Snacks,155,44,111,0,2023-11-01 17:11:45
I0203,M037,Mutton Biryani,Biryani,363,124,239,1,2022-12-01 17:47:11
I0204,M005,Cold Coffee,Beverages,34,7,27,1,2024-04-24 23:36:25
I0205,M027,Spring Rolls,Chinese,274,73,201,1,2022-09-29 20:34:01
I0206,M011,Cold Coffee,Beverages,51,8,43,1,2022-04-08 11:30:27
I0207,M020,Gulab Jamun,Desserts,233,55,178,1,2024-03-14 05:27:01
I0208,M028,Samosa,Snacks,173,47,126,1,2023-12-04 21:04:01
I0209,M043,Chilli Chicken,Chinese,292,92,200,1,2022-06-17 15:03:40
I0210,M022,Uttapam,South Indian,72,20,52,1,2024-12-20 12:49:26
I0211,M038,Idli Sambar,South Indian,146,41,105,1,2023-01-24 06:17:55
I0212,M009,Paneer Biryani,Biryani,297,85,212,1,2022-03-21 11:47:48
I0213,M010,Rasmalai,Desserts,113,33,80,1,2023-06-01 15:08:43
I0214,M040,Paneer Biryani,Biryani,423,147,276,1,2023-07-31 19:02:44
I0215,M017,Cheese Burger,Burger,186,76,110,1,2023-07-07 06:09:51
I0216,M047,Mango Lassi,Beverages,76,13,63,1,2025-02-19 06:27:34
I0217,M022,Gulab Jamun,Desserts,163,45,118,1,2025-02-28 10:00:01
I0218,M048,Double Patty Burger,Burger,143,70,73,1,2024-10-30 03:36:03
I0219,M007,Hakka Noodles,Chinese,237,68,169,1,2022-10-28 09:54:19
I0220,M027,French Fries,Snacks,175,56,119,1,2025-02-08 16:14:48
I0221,M017,French Fries,Snacks,137,43,94,1,2022-03-15 22:39:58
I0222,M048,Idli Sambar,South Indian,124,29,95,1,2022-12-19 15:45:19
I0223,M037,Fried Rice,Chinese,208,60,148,1,2024-03-02 13:28:35
I0224,M005,Mutton Biryani,Biryani,283,85,198,1,2023-10-01 13:33:39
I0225,M035,Egg Biryani,Biryani,443,125,318,1,2024-04-15 19:43:29
I0226,M025,Paneer Butter Masala,Indian Main Course,200,62,138,1,2024-06-02 21:01:40
I0227,M048,Chocolate Brownie,Desserts,190,39,151,1,2022-09-11 01:32:35
I0228,M037,French Fries,Snacks,65,22,43,1,2022-11-18 04:23:25
I0229,M015,Rava Dosa,South Indian,153,30,123,1,2024-08-03 02:38:11
I0230,M015,Hakka Noodles,Chinese,320,97,223,1,2024-08-14 06:47:51
I0231,M012,Samosa,Snacks,130,41,89,1,2024-09-20 19:39:12
I0232,M029,Chicken 65,Snacks,89,23,66,1,2022-07-21 16:30:53
I0233,M045,Margherita Pizza,Pizza,515,212,303,1,2024-03-04 09:07:30
I0234,M023,Rava Dosa,South Indian,125,32,93,1,2024-10-25 17:18:44
I0235,M038,Masala Chai,Beverages,141,23,118,0,2023-07-25 04:57:17
I0236,M024,Idli Sambar,South Indian,156,42,114,1,2022-09-21 07:12:04
I0237,M023,Masala Dosa,South Indian,73,17,56,1,2023-08-21 14:14:33
I0238,M035,Veggie Burger,Burger,238,111,127,1,2024-11-17 08:07:18
I0239,M047,Chilli Chicken,Chinese,167,55,112,1,2022-05-28 04:50:04
I0240,M002,Margherita Pizza,Pizza,500,192,308,1,2024-08-17 03:29:20
I0241,M040,Mango Lassi,Beverages,100,22,78,1,2022-02-17 17:22:19
I0242,M026,Margherita Pizza,Pizza,545,198,347,1,2024-11-27 17:35:27
I0243,M007,Mutton Biryani,Biryani,275,85,190,0,2022-01-28 23:04:41
I0244,M037,BBQ Chicken Pizza,Pizza,256,93,163,1,2023-05-27 12:29:50
I0245,M004,Chicken Biryani,Biryani,301,77,224,1,2022-04-08 02:12:27
I0246,M036,Palak Paneer,Indian Main Course,396,131,265,1,2023-06-07 06:05:44
I0247,M001,Idli Sambar,South Indian,111,30,81,1,2023-11-27 17:49:52
I0248,M045,Coke,Beverages,148,36,112,1,2024-09-18 05:31:43
I0249,M007,Hakka Noodles,Chinese,348,115,233,1,2023-04-16 08:42:13
I0250,M045,Chicken 65,Snacks,168,42,126,1,2024-06-12 11:40:52
I0251,M028,Veg Biryani,Biryani,443,147,296,1,2024-01-28 03:48:14
I0252,M032,Egg Biryani,Biryani,457,114,343,0,2023-08-12 03:40:55
I0253,M027,Egg Biryani,Biryani,227,63,164,1,2023-04-29 21:09:09
I0254,M010,Palak Paneer,Indian Main Course,192,66,126,1,2024-09-30 02:57:55
I0255,M030,Ice Cream,Desserts,171,44,127,1,2023-04-04 23:43:06
I0256,M001,Chocolate Brownie,Desserts,95,28,67,1,2024-12-22 08:44:14
I0257,M013,Medu Vada,South Indian,139,30,109,1,2024-12-31 02:10:08
I0258,M038,Double Patty Burger,Burger,283,131,152,1,2023-06-16 00:13:06
I0259,M009,Chocolate Brownie,Desserts,223,59,164,1,2024-10-20 02:58:24
I0260,M021,Chilli Chicken,Chinese,283,81,202,1,2023-01-10 23:51:08
I0261,M006,Paneer Biryani,Biryani,380,97,283,1,2024-08-05 15:37:18
I0262,M034,Garlic Naan,Indian Main Course,334,104,230,1,2024-05-26 07:46:04
I0263,M034,BBQ Chicken Pizza,Pizza,530,213,317,1,2023-07-10 16:16:50
I0264,M008,Samosa,Snacks,61,19,42,1,2022-10-19 10:40:21
I0265,M040,Pepperoni Pizza,Pizza,531,233,298,0,2024-08-27 17:40:00
I0266,M041,Double Patty Burger,Burger,192,86,106,1,2022-06-07 03:08:35
I0267,M029,Cold Coffee,Beverages,125,23,102,1,2023-10-19 03:57:11
I0268,M023,Filter Coffee,Beverages,46,11,35,1,2024-03-18 15:22:54
I0269,M006,Mutton Biryani,Biryani,358,122,236,1,2023-12-09 20:58:12
I0270,M023,Vada Pav,Snacks,69,21,48,1,2022-06-15 00:23:49
I0271,M020,Idli Sambar,South Indian,106,30,76,1,2024-10-03 02:30:10
I0272,M019,Mango Lassi,Beverages,49,10,39,1,2024-12-27 15:19:30
I0273,M011,Filter Coffee,Beverages,55,11,44,1,2024-06-21 15:03:46
I0274,M016,French Fries,Snacks,154,51,103,1,2022-09-27 13:31:30
I0275,M027,Chocolate Brownie,Desserts,241,65,176,1,2024-07-17 22:41:18
I0276,M046,Samosa,Snacks,199,51,148,1,2022-01-03 23:57:28
I0277,M040,Samosa,Snacks,74,22,52,1,2024-10-13 13:36:05
I0278,M015,Medu Vada,South Indian,61,15,46,1,2023-08-21 07:12:32
I0279,M004,Samosa,Snacks,42,11,31,1,2024-03-08 20:50:12
I0280,M005,Veg Manchurian,Chinese,321,110,211,1,2024-11-29 02:45:41
I0281,M023,Veg Manchurian,Chinese,252,87,165,1,2022-01-18 09:24:39
I0282,M047,Veg Biryani,Biryani,235,58,177,1,2025-01-18 13:37:20
I0283,M014,Pepperoni Pizza,Pizza,489,192,297,1,2022-11-26 22:11:13
I0284,M018,Fried Rice,Chinese,336,84,252,1,2022-11-25 20:42:35
I0285,M037,Medu Vada,South Indian,132,28,104,1,2022-01-08 14:23:41
I0286,M032,Chicken 65,Snacks,112,30,82,1,2024-05-04 07:29:13
I0287,M014,Dal Makhani,Indian Main Course,393,140,253,0,2024-10-08 01:15:32
I0288,M020,Ice Cream,Desserts,101,26,75,1,2025-02-17 12:35:30
I0289,M038,Palak Paneer,Indian Main Course,262,93,169,1,2024-04-17 20:05:24
I0290,M030,Mutton Biryani,Biryani,394,115,279,1,2024-02-25 07:52:02
I0291,M012,Coke,Beverages,46,10,36,1,2022-07-06 06:40:56
I0292,M018,Chilli Chicken,Chinese,245,85,160,1,2022-10-21 01:35:25
I0293,M024,Chicken 65,Snacks,83,23,60,1,2023-12-14 07:34:53
I0294,M033,Filter Coffee,Beverages,141,29,112,1,2023-05-18 23:57:40
I0295,M004,Rasmalai,Desserts,169,46,123,1,2023-07-04 06:27:17
I0296,M037,French Fries,Snacks,198,61,137,1,2024-10-18 23:57:04
I0297,M044,Rasmalai,Desserts,159,33,126,1,2024-08-24 12:35:47
I0298,M036,Margherita Pizza,Pizza,303,120,183,1,2023-08-22 18:55:21
I0299,M007,Fried Rice,Chinese,227,67,160,1,2025-02-01 07:50:50
I0300,M015,BBQ Chicken Pizza,Pizza,549,198,351,1,2024-05-31 19:52:24
I0301,M041,Chilli Chicken,Chinese,270,75,195,1,2024-03-03 18:54:05
I0302,M020,BBQ Chicken Pizza,Pizza,329,143,186,1,2023-01-27 12:40:12
I0303,M029,Rava Dosa,South Indian,84,20,64,1,2024-02-13 19:48:52
I0304,M003,Masala Chai,Beverages,130,27,103,1,2022-11-16 03:29:14
I0305,M035,Paneer Butter Masala,Indian Main Course,183,68,115,1,2024-06-25 05:21:41
I0306,M042,Egg Biryani,Biryani,387,106,281,1,2023-08-16 07:08:19
I0307,M024,Medu Vada,South Indian,95,19,76,1,2024-06-02 02:38:18
I0308,M020,Veggie Burger,Burger,256,117,139,1,2022-02-15 05:14:15
I0309,M021,Garlic Naan,Indian Main Course,316,114,202,1,2023-11-23 11:40:11
I0310,M047,Samosa,Snacks,46,11,35,1,2024-09-19 00:39:09
I0311,M004,Gulab Jamun,Desserts,124,28,96,1,2022-03-01 13:56:30
I0312,M029,Classic Chicken Burger,Burger,282,140,142,1,2022-11-01 13:28:27
I0313,M026,Masala Dosa,South Indian,107,24,83,0,2022-07-02 07:04:21
I0314,M001,Filter Coffee,Beverages,55,11,44,1,2022-02-19 18:38:56
I0315,M004,Samosa,Snacks,89,27,62,1,2024-01-10 21:03:57
I0316,M032,Masala Dosa,South Indian,131,38,93,1,2023-07-21 06:32:19
I0317,M039,Rasmalai,Desserts,232,58,174,1,2023-08-17 06:49:02
I0318,M031,Chocolate Brownie,Desserts,135,37,98,1,2022-07-08 04:04:59
I0319,M034,Garlic Bread,Snacks,125,39,86,1,2022-09-25 06:04:08
I0320,M008,Chicken Biryani,Biryani,377,97,280,1,2022-12-14 04:18:13
I0321,M004,Palak Paneer,Indian Main Course,321,113,208,1,2022-05-07 06:03:33
I0322,M031,Mango Lassi,Beverages,86,20,66,1,2022-01-11 07:29:02
I0323,M009,Egg Biryani,Biryani,257,73,184,1,2024-07-22 13:47:15
I0324,M034,Veg Biryani,Biryani,322,109,213,1,2022-08-16 14:32:07
I0325,M007,Masala Dosa,South Indian,176,37,139,1,2022-07-01 17:20:02
I0326,M034,Egg Biryani,Biryani,325,105,220,1,2023-04-02 15:30:33
I0327,M024,Mango Lassi,Beverages,95,20,75,1,2023-09-28 17:13:15
I0328,M040,Garlic Bread,Snacks,136,37,99,1,2023-03-19 17:27:20
I0329,M047,Samosa,Snacks,193,55,138,1,2022-12-02 08:27:08
I0330,M001,Veggie Burger,Burger,267,109,158,1,2025-01-03 02:31:14
I0331,M015,Vada Pav,Snacks,174,47,127,1,2023-09-27 13:51:51
I0332,M013,BBQ Chicken Pizza,Pizza,329,132,197,1,2022-01-03 16:12:33
I0333,M043,Margherita Pizza,Pizza,278,122,156,1,2023-07-04 08:42:47
I0334,M035,Vada Pav,Snacks,80,26,54,1,2022-02-28 05:56:58
I0335,M040,Vada Pav,Snacks,62,17,45,1,2024-01-17 21:21:27
I0336,M044,Chilli Chicken,Chinese,208,56,152,1,2022-10-30 18:39:39
I0337,M042,Vada Pav,Snacks,79,21,58,1,2023-09-11 08:26:18
I0338,M038,Masala Chai,Beverages,111,20,91,1,2024-03-25 20:32:39
I0339,M028,Egg Biryani,Biryani,453,141,312,1,2022-08-29 07:58:07
I0340,M039,Veg Manchurian,Chinese,320,98,222,1,2022-05-27 21:50:39
I0341,M004,BBQ Chicken Pizza,Pizza,347,151,196,1,2023-03-14 11:46:48
I0342,M038,Gajar Halwa,Desserts,197,54,143,1,2022-07-06 02:48:08
I0343,M048,Fried Rice,Chinese,307,98,209,1,2022-08-06 22:55:59
I0344,M044,Idli Sambar,South Indian,178,41,137,1,2022-02-01 01:31:20
I0345,M009,Palak Paneer,Indian Main Course,268,89,179,1,2025-01-04 20:47:06
I0346,M029,Medu Vada,South Indian,163,42,121,1,2022-06-23 19:08:43
I0347,M005,Cheese Burger,Burger,163,70,93,1,2023-11-18 01:52:48
I0348,M014,Uttapam,South Indian,131,34,97,1,2023-06-19 08:28:28
I0349,M009,Coke,Beverages,125,25,100,1,2022-03-20 21:41:14
I0350,M016,Hakka Noodles,Chinese,311,78,233,1,2023-08-29 01:41:27
I0351,M047,Chilli Chicken,Chinese,183,57,126,1,2024-06-05 06:53:50
I0352,M040,Cheese Burger,Burger,252,108,144,0,2023-02-16 17:01:53
I0353,M037,Uttapam,South Indian,161,47,114,1,2023-12-25 11:01:04
I0354,M014,Filter Coffee,Beverages,77,13,64,1,2024-09-23 07:38:00
I0355,M040,Paneer Tikka Pizza,Pizza,329,142,187,1,2024-04-25 20:41:33
I0356,M003,Veggie Burger,Burger,182,82,100,1,2023-12-17 07:24:55
I0357,M002,Veggie Burger,Burger,144,71,73,1,2023-03-08 03:27:46
I0358,M002,Veggie Burger,Burger,294,141,153,1,2022-10-25 08:44:16
I0359,M047,Garlic Bread,Snacks,50,13,37,1,2024-06-15 08:17:31
I0360,M045,Paneer Tikka Pizza,Pizza,481,187,294,0,2023-09-13 22:53:24
I0361,M049,Gulab Jamun,Desserts,237,48,189,1,2024-08-28 08:03:55
I0362,M048,Chocolate Brownie,Desserts,113,26,87,1,2023-12-11 08:01:00
I0363,M007,Veggie Burger,Burger,254,116,138,1,2022-09-11 19:40:37
I0364,M032,Pepperoni Pizza,Pizza,548,243,305,1,2022-03-11 01:10:45
I0365,M032,Fried Rice,Chinese,303,101,202,1,2023-07-29 22:31:20
I0366,M028,Ice Cream,Desserts,174,47,127,0,2023-11-10 05:20:36
I0367,M021,Paneer Biryani,Biryani,250,66,184,1,2023-11-01 21:31:49
I0368,M035,Masala Dosa,South Indian,112,30,82,1,2023-10-17 17:35:26
I0369,M042,Classic Chicken Burger,Burger,244,97,147,1,2023-02-21 21:41:30
I0370,M010,Aloo Gobi,Indian Main Course,212,64,148,1,2022-12-07 23:42:07
I0371,M007,Pepperoni Pizza,Pizza,333,149,184,0,2022-06-15 13:57:09
I0372,M023,Rava Dosa,South Indian,135,27,108,0,2024-03-26 09:41:28
I0373,M010,Garlic Bread,Snacks,175,50,125,1,2024-07-02 15:38:38
I0374,M012,Chicken 65,Snacks,87,21,66,1,2022-03-29 11:33:38
I0375,M041,Paneer Butter Masala,Indian Main Course,371,147,224,1,2025-02-24 15:12:35
I0376,M021,Cheese Burger,Burger,160,79,81,1,2024-06-27 23:35:11
I0377,M044,Paneer Tikka Pizza,Pizza,598,234,364,1,2022-04-11 06:55:47
I0378,M010,Coke,Beverages,39,6,33,1,2023-01-17 18:27:54
I0379,M050,Paneer Tikka Pizza,Pizza,472,198,274,1,2023-04-23 14:51:40
I0380,M019,Coke,Beverages,117,28,89,1,2023-10-15 23:50:46
I0381,M048,Hakka Noodles,Chinese,302,79,223,1,2024-04-16 11:14:39
I0382,M038,Paneer Tikka Pizza,Pizza,398,159,239,1,2024-01-18 10:46:49
I0383,M013,Paneer Tikka Pizza,Pizza,295,132,163,1,2024-03-19 10:29:48
I0384,M042,Idli Sambar,South Indian,163,47,116,1,2022-09-09 13:27:23
I0385,M022,Gajar Halwa,Desserts,135,35,100,1,2023-08-24 14:54:47
I0386,M028,Masala Dosa,South Indian,146,38,108,1,2023-02-14 12:22:49
I0387,M035,Mutton Biryani,Biryani,383,101,282,1,2022-10-30 06:35:03
I0388,M047,Chilli Chicken,Chinese,263,81,182,1,2023-11-30 16:26:30
I0389,M012,BBQ Chicken Pizza,Pizza,427,179,248,1,2022-12-19 18:02:47
I0390,M009,Veg Biryani,Biryani,425,138,287,1,2022-04-12 10:42:12
I0391,M031,Garlic Bread,Snacks,43,14,29,1,2022-07-13 09:49:21
I0392,M049,Veggie Burger,Burger,260,118,142,1,2024-11-25 11:18:08
I0393,M023,Masala Dosa,South Indian,127,29,98,1,2025-02-16 01:32:36
I0394,M018,Masala Dosa,South Indian,62,16,46,1,2024-10-07 22:06:41
I0395,M028,Paneer Biryani,Biryani,414,117,297,0,2022-08-30 17:09:41
I0396,M043,Garlic Bread,Snacks,139,48,91,1,2023-01-26 22:39:22
I0397,M046,Aloo Gobi,Indian Main Course,143,43,100,1,2023-02-05 14:53:02
I0398,M001,Veggie Burger,Burger,130,58,72,1,2022-01-28 12:08:40
I0399,M028,Chicken 65,Snacks,72,20,52,1,2024-01-14 07:11:49
I0400,M032,Filter Coffee,Beverages,138,23,115,1,2022-06-11 06:08:42
I0401,M042,Cold Coffee,Beverages,129,28,101,1,2023-12-28 09:01:44
I0402,M008,Fried Rice,Chinese,166,44,122,1,2022-09-25 12:00:39
I0403,M048,Coke,Beverages,88,17,71,1,2023-03-14 07:31:18
I0404,M030,Rasmalai,Desserts,94,27,67,1,2023-03-31 10:52:08
I0405,M039,Pepperoni Pizza,Pizza,331,126,205,1,2022-08-14 10:26:14
I0406,M004,Hakka Noodles,Chinese,281,93,188,1,2022-05-26 09:55:01
I0407,M043,French Fries,Snacks,56,16,40,1,2023-03-18 07:58:19
I0408,M034,Paneer Tikka Pizza,Pizza,260,91,169,1,2022-07-06 08:29:52
I0409,M035,Rava Dosa,South Indian,98,28,70,1,2022-03-03 16:00:20
I0410,M037,Uttapam,South Indian,175,35,140,1,2024-11-05 03:56:56
I0411,M009,Dal Makhani,Indian Main Course,359,125,234,1,2024-09-12 04:22:36
I0412,M035,Chicken Biryani,Biryani,335,98,237,1,2022-11-06 01:36:42
I0413,M006,Cheese Burger,Burger,289,132,157,1,2023-09-03 15:22:25
I0414,M032,Pepperoni Pizza,Pizza,357,139,218,1,2023-06-21 21:06:41
I0415,M023,Garlic Bread,Snacks,43,13,30,1,2023-12-22 01:18:51
I0416,M023,Dal Makhani,Indian Main Course,88,28,60,1,2022-05-31 09:11:39
I0417,M013,Hakka Noodles,Chinese,207,63,144,1,2022-05-23 11:32:38
I0418,M028,Masala Chai,Beverages,96,16,80,1,2024-01-09 16:28:42
I0419,M012,Cold Coffee,Beverages,131,29,102,1,2023-10-19 19:13:07
I0420,M025,Pepperoni Pizza,Pizza,533,201,332,1,2022-07-26 04:36:52
I0421,M050,Double Patty Burger,Burger,221,93,128,1,2022-01-18 21:41:55
I0422,M004,Dal Makhani,Indian Main Course,181,67,114,1,2023-07-31 15:20:22
I0423,M035,Fried Rice,Chinese,219,64,155,1,2024-05-19 05:50:24
I0424,M040,Palak Paneer,Indian Main Course,154,52,102,1,2022-10-08 14:04:38
I0425,M049,Ice Cream,Desserts,236,67,169,1,2022-08-12 17:09:15
I0426,M027,Garlic Bread,Snacks,138,38,100,1,2024-07-14 07:05:59
I0427,M021,Masala Dosa,South Indian,90,21,69,1,2025-01-03 13:43:43
I0428,M023,Gulab Jamun,Desserts,129,31,98,1,2023-11-27 02:48:44
I0429,M037,Cold Coffee,Beverages,133,24,109,1,2024-11-27 15:33:01
I0430,M049,Uttapam,South Indian,74,16,58,1,2024-08-09 09:58:05
I0431,M038,Mutton Biryani,Biryani,498,134,364,1,2023-01-17 12:51:53
I0432,M043,Spring Rolls,Chinese,294,87,207,1,2023-02-04 18:24:31
I0433,M003,Aloo Gobi,Indian Main Course,159,61,98,1,2022-11-09 11:10:17
I0434,M006,Chicken Biryani,Biryani,479,142,337,1,2022-02-12 17:14:29
I0435,M045,Paneer Biryani,Biryani,257,71,186,1,2023-01-10 01:01:32
I0436,M043,Ice Cream,Desserts,232,56,176,1,2022-09-05 20:05:26
I0437,M030,Paneer Biryani,Biryani,284,79,205,1,2024-01-26 01:05:22
I0438,M048,Hakka Noodles,Chinese,279,74,205,1,2024-06-20 15:58:08
I0439,M034,Rava Dosa,South Indian,86,24,62,1,2023-07-20 20:59:48
I0440,M015,Paneer Tikka Pizza,Pizza,549,246,303,0,2023-10-21 14:29:42
I0441,M001,Garlic Naan,Indian Main Course,216,83,133,1,2023-04-05 04:00:19
I0442,M017,Uttapam,South Indian,166,41,125,1,2022-12-16 03:32:40
I0443,M044,Butter Chicken,Indian Main Course,412,143,269,1,2022-01-10 06:36:04
I0444,M008,Dal Makhani,Indian Main Course,113,44,69,1,2023-06-25 11:05:30
I0445,M037,Chicken 65,Snacks,180,56,124,1,2024-12-28 17:31:36
I0446,M032,Double Patty Burger,Burger,157,75,82,1,2022-10-08 18:17:20
I0447,M038,Filter Coffee,Beverages,93,16,77,1,2022-12-26 19:13:15
I0448,M002,French Fries,Snacks,134,38,96,1,2023-02-11 10:54:15
I0449,M050,Masala Chai,Beverages,37,9,28,1,2022-12-01 11:26:13
I0450,M002,Pepperoni Pizza,Pizza,411,184,227,1,2023-04-24 11:23:24
I0451,M014,Spring Rolls,Chinese,342,109,233,1,2024-12-21 07:21:17
I0452,M042,Classic Chicken Burger,Burger,125,61,64,1,2024-09-28 21:02:14
I0453,M028,Paneer Butter Masala,Indian Main Course,162,55,107,1,2022-04-24 06:56:10
I0454,M020,BBQ Chicken Pizza,Pizza,543,196,347,1,2023-01-31 19:43:45
I0455,M028,Margherita Pizza,Pizza,276,106,170,1,2022-02-16 00:21:29
I0456,M038,Gulab Jamun,Desserts,234,65,169,1,2025-01-20 11:39:03
I0457,M031,Filter Coffee,Beverages,100,23,77,1,2023-12-07 23:36:54
I0458,M003,Mutton Biryani,Biryani,352,113,239,0,2022-03-24 17:29:36
I0459,M041,Gajar Halwa,Desserts,151,31,120,1,2022-10-10 11:14:42
I0460,M030,Spring Rolls,Chinese,194,63,131,1,2023-06-07 03:11:57
I0461,M044,Veg Manchurian,Chinese,204,69,135,1,2024-08-07 07:39:18
I0462,M014,Paneer Tikka Pizza,Pizza,328,124,204,1,2024-12-22 08:31:10
I0463,M048,Butter Chicken,Indian Main Course,208,70,138,1,2022-07-04 08:17:59
I0464,M045,Garlic Bread,Snacks,98,29,69,1,2023-09-16 18:38:55
I0465,M037,Coke,Beverages,115,23,92,1,2023-12-18 01:22:05
I0466,M027,Coke,Beverages,43,10,33,1,2022-05-02 12:24:36
I0467,M048,BBQ Chicken Pizza,Pizza,440,185,255,1,2024-06-17 12:55:53
I0468,M034,Chicken 65,Snacks,111,33,78,1,2025-01-25 13:34:03
I0469,M009,Paneer Biryani,Biryani,451,113,338,1,2023-02-11 06:25:01
I0470,M042,French Fries,Snacks,69,21,48,1,2022-03-17 02:41:40
I0471,M001,Double Patty Burger,Burger,181,74,107,1,2024-06-14 11:28:42
I0472,M003,Chocolate Brownie,Desserts,167,35,132,1,2025-02-17 15:37:34
I0473,M044,Dal Makhani,Indian Main Course,305,103,202,1,2024-09-20 02:03:34
I0474,M024,Rava Dosa,South Indian,158,42,116,1,2023-01-03 10:04:29
I0475,M038,Chicken Biryani,Biryani,245,68,177,1,2023-12-04 14:50:41
I0476,M017,Idli Sambar,South Indian,135,39,96,1,2024-02-24 15:26:05
I0477,M036,BBQ Chicken Pizza,Pizza,470,203,267,1,2025-01-25 03:51:08
I0478,M010,Chocolate Brownie,Desserts,197,55,142,1,2024-05-08 08:17:23
I0479,M044,Chilli Chicken,Chinese,224,60,164,1,2023-03-01 10:45:35
I0480,M008,Pepperoni Pizza,Pizza,444,167,277,0,2023-01-06 04:28:40
I0481,M016,Gulab Jamun,Desserts,213,57,156,1,2024-04-28 03:47:43
I0482,M019,Classic Chicken Burger,Burger,295,122,173,1,2023-12-20 13:03:55
I0483,M006,Chocolate Brownie,Desserts,97,25,72,1,2024-07-26 20:20:08
I0484,M006,Samosa,Snacks,104,26,78,1,2023-05-20 04:31:09
I0485,M013,Classic Chicken Burger,Burger,143,61,82,1,2022-09-14 20:37:43
I0486,M040,Classic Chicken Burger,Burger,297,137,160,1,2023-11-03 08:03:09
I0487,M028,Pepperoni Pizza,Pizza,335,121,214,1,2024-08-06 12:34:06
I0488,M005,Veg Manchurian,Chinese,174,57,117,1,2024-08-31 00:50:30
I0489,M004,Vada Pav,Snacks,67,20,47,1,2022-02-14 00:54:20
I0490,M006,Chicken 65,Snacks,111,33,78,1,2023-02-11 20:25:33
I0491,M020,Ice Cream,Desserts,226,48,178,1,2024-11-30 17:12:38
I0492,M001,Pepperoni Pizza,Pizza,560,200,360,1,2024-02-09 06:38:18
I0493,M012,Fried Rice,Chinese,333,93,240,1,2023-12-21 21:29:29
I0494,M034,Aloo Gobi,Indian Main Course,241,83,158,1,2024-08-23 06:38:32
I0495,M012,Pepperoni Pizza,Pizza,593,262,331,1,2024-12-10 21:05:07
I0496,M010,Idli Sambar,South Indian,137,33,104,1,2024-04-08 00:46:22
I0497,M015,Cold Coffee,Beverages,44,7,37,1,2023-01-03 00:48:13
I0498,M046,Chocolate Brownie,Desserts,114,33,81,1,2024-06-06 08:38:27
I0499,M014,Mango Lassi,Beverages,45,10,35,1,2023-10-27 04:05:56
I0500,M037,Veg Manchurian,Chinese,256,85,171,1,2022-11-21 13:32:31
I0501,M043,Aloo Gobi,Indian Main Course,304,107,197,1,2024-11-29 02:15:01
I0502,M029,Fried Rice,Chinese,276,78,198,1,2024-11-24 09:17:10
I0503,M006,Masala Chai,Beverages,109,21,88,1,2022-10-03 03:28:15
I0504,M005,Paneer Butter Masala,Indian Main Course,432,153,279,1,2023-03-30 09:59:00
I0505,M018,Dal Makhani,Indian Main Course,202,70,132,1,2023-04-14 06:08:45
I0506,M014,Masala Chai,Beverages,39,9,30,1,2022-08-03 20:02:56
I0507,M047,Margherita Pizza,Pizza,594,221,373,1,2023-07-03 20:44:39
I0508,M041,Dal Makhani,Indian Main Course,94,36,58,1,2025-01-21 08:34:17
I0509,M012,Rava Dosa,South Indian,122,34,88,1,2022-07-27 18:58:01
I0510,M028,Cheese Burger,Burger,275,112,163,1,2024-02-13 02:52:52
I0511,M003,Veg Manchurian,Chinese,336,86,250,1,2023-05-09 12:17:02
I0512,M019,Veggie Burger,Burger,160,69,91,1,2024-04-21 21:47:57
I0513,M042,Double Patty Burger,Burger,178,81,97,1,2024-08-02 19:14:14
I0514,M018,Veggie Burger,Burger,162,78,84,1,2023-10-07 17:50:49
I0515,M050,Samosa,Snacks,178,57,121,1,2023-02-28 05:00:03
I0516,M015,Chocolate Brownie,Desserts,85,17,68,1,2022-04-24 22:16:23
I0517,M026,Mango Lassi,Beverages,50,9,41,1,2024-01-20 09:44:49
I0518,M001,Medu Vada,South Indian,90,25,65,1,2024-04-27 04:33:54
I0519,M021,Paneer Biryani,Biryani,365,109,256,1,2023-12-25 22:02:24
I0520,M018,Paneer Tikka Pizza,Pizza,566,215,351,1,2022-05-05 12:21:16
I0521,M044,Classic Chicken Burger,Burger,165,80,85,1,2024-03-26 08:42:08
I0522,M008,Gajar Halwa,Desserts,183,39,144,1,2023-06-17 20:44:05
I0523,M037,Masala Chai,Beverages,95,21,74,1,2022-01-06 04:35:05
I0524,M044,Double Patty Burger,Burger,274,121,153,1,2024-08-25 07:44:10
I0525,M028,Medu Vada,South Indian,60,12,48,1,2022-01-14 15:33:25
I0526,M042,Chicken 65,Snacks,144,38,106,1,2022-02-28 13:00:22
I0527,M005,Gajar Halwa,Desserts,112,33,79,1,2024-06-16 08:02:49
I0528,M035,Cold Coffee,Beverages,148,36,112,1,2022-11-15 02:28:03
I0529,M017,Paneer Biryani,Biryani,405,134,271,1,2024-09-08 04:07:06
I0530,M027,Masala Dosa,South Indian,60,13,47,1,2024-07-20 03:08:43
I0531,M048,Garlic Naan,Indian Main Course,393,124,269,1,2023-09-22 00:08:07
I0532,M046,Masala Chai,Beverages,71,14,57,1,2023-08-11 05:07:41
I0533,M034,Masala Chai,Beverages,44,10,34,1,2024-11-24 00:34:38
I0534,M029,Masala Dosa,South Indian,141,30,111,1,2022-08-10 08:33:58
I0535,M012,Chilli Chicken,Chinese,157,43,114,1,2025-01-22 04:28:58
I0536,M029,Chicken 65,Snacks,142,41,101,1,2022-09-27 09:38:16
I0537,M014,Classic Chicken Burger,Burger,130,59,71,1,2023-08-24 13:15:42
I0538,M034,Mutton Biryani,Biryani,408,103,305,1,2022-12-08 11:21:38
I0539,M048,Cold Coffee,Beverages,76,16,60,1,2023-11-18 05:17:25
I0540,M025,Veg Manchurian,Chinese,297,75,222,1,2024-03-20 07:30:19
I0541,M023,Medu Vada,South Indian,70,14,56,1,2025-01-03 08:57:15
I0542,M030,Cold Coffee,Beverages,65,11,54,1,2023-10-10 22:56:44
I0543,M011,BBQ Chicken Pizza,Pizza,359,145,214,1,2022-12-10 14:47:43
I0544,M006,Rasmalai,Desserts,167,47,120,1,2023-06-02 21:30:00
I0545,M016,Vada Pav,Snacks,85,23,62,1,2023-12-09 21:44:56
I0546,M043,Butter Chicken,Indian Main Course,291,91,200,1,2025-02-23 20:44:45
I0547,M037,Classic Chicken Burger,Burger,280,138,142,1,2022-08-11 22:19:50
I0548,M014,BBQ Chicken Pizza,Pizza,383,152,231,1,2023-05-20 11:35:57
I0549,M017,French Fries,Snacks,57,15,42,1,2022-06-11 23:11:46
I0550,M028,Cold Coffee,Beverages,85,13,72,1,2022-10-17 18:23:18
I0551,M034,Masala Dosa,South Indian,178,49,129,1,2022-10-19 08:14:56
I0552,M019,Fried Rice,Chinese,214,54,160,1,2024-08-27 07:38:52
I0553,M042,Vada Pav,Snacks,55,18,37,1,2025-01-20 12:10:55
I0554,M002,Samosa,Snacks,162,51,111,1,2022-09-23 11:34:34
I0555,M035,Egg Biryani,Biryani,231,72,159,1,2025-02-21 11:24:42
I0556,M032,Butter Chicken,Indian Main Course,174,59,115,1,2022-10-21 00:14:25
I0557,M040,Double Patty Burger,Burger,252,123,129,1,2022-10-24 11:04:30
I0558,M020,Chilli Chicken,Chinese,245,63,182,1,2022-12-08 05:56:39
I0559,M041,Fried Rice,Chinese,254,72,182,1,2024-08-17 18:04:12
I0560,M010,Chicken 65,Snacks,156,53,103,1,2022-08-31 20:05:12
I0561,M030,Veg Biryani,Biryani,344,105,239,1,2022-10-15 17:06:41
I0562,M045,Vada Pav,Snacks,158,54,104,1,2023-09-23 02:08:49
I0563,M050,Mutton Biryani,Biryani,360,125,235,1,2024-05-20 11:16:32
I0564,M049,Dal Makhani,Indian Main Course,201,69,132,1,2023-02-11 06:24:20
I0565,M001,Chocolate Brownie,Desserts,187,52,135,1,2024-04-10 01:06:08
I0566,M037,Paneer Tikka Pizza,Pizza,410,148,262,1,2023-08-10 05:24:09
I0567,M015,Masala Dosa,South Indian,128,31,97,1,2024-08-09 19:27:27
I0568,M043,Rava Dosa,South Indian,88,25,63,1,2022-03-24 06:56:35
I0569,M028,Classic Chicken Burger,Burger,232,107,125,1,2023-07-04 13:35:56
I0570,M036,Veg Biryani,Biryani,277,83,194,1,2023-05-12 17:51:21
I0571,M015,Chicken 65,Snacks,94,26,68,1,2024-07-03 19:34:33
I0572,M029,Double Patty Burger,Burger,271,128,143,1,2024-09-29 19:28:56
I0573,M005,Paneer Butter Masala,Indian Main Course,110,39,71,0,2024-01-16 03:58:46
I0574,M011,Filter Coffee,Beverages,76,18,58,1,2025-02-05 04:21:47
I0575,M023,Dal Makhani,Indian Main Course,123,41,82,1,2023-07-25 11:02:36
I0576,M003,Mutton Biryani,Biryani,375,107,268,1,2022-04-01 09:49:02
I0577,M007,Samosa,Snacks,69,19,50,1,2022-05-20 00:24:39
I0578,M028,Medu Vada,South Indian,91,19,72,0,2024-03-12 09:13:48
I0579,M015,Paneer Biryani,Biryani,281,91,190,1,2023-03-18 11:37:12
I0580,M031,Rava Dosa,South Indian,76,20,56,1,2024-12-16 12:47:48
I0581,M012,Uttapam,South Indian,73,17,56,1,2022-05-15 13:33:13
I0582,M049,Coke,Beverages,37,6,31,1,2024-04-07 23:26:38
I0583,M043,Mango Lassi,Beverages,53,10,43,1,2023-01-05 09:53:40
I0584,M010,Cold Coffee,Beverages,142,24,118,1,2024-10-17 11:28:28
I0585,M005,Classic Chicken Burger,Burger,217,106,111,1,2023-03-30 18:37:52
I0586,M007,Gajar Halwa,Desserts,234,56,178,1,2022-08-24 07:10:57
I0587,M049,Ice Cream,Desserts,126,26,100,1,2024-11-23 13:25:55
I0588,M044,Mutton Biryani,Biryani,219,76,143,1,2023-05-28 15:54:31
I0589,M042,Margherita Pizza,Pizza,376,167,209,1,2024-06-06 03:34:16
I0590,M004,Aloo Gobi,Indian Main Course,172,64,108,1,2023-09-27 01:47:43
I0591,M011,Coke,Beverages,117,21,96,1,2022-08-06 23:55:40
I0592,M017,Mutton Biryani,Biryani,318,105,213,1,2022-06-21 08:59:31
I0593,M039,Medu Vada,South Indian,98,20,78,1,2022-03-04 16:35:26
I0594,M037,Idli Sambar,South Indian,120,35,85,1,2023-08-29 22:02:25
I0595,M045,Palak Paneer,Indian Main Course,244,82,162,1,2024-02-01 01:06:52
I0596,M024,Paneer Biryani,Biryani,224,77,147,1,2023-08-21 20:42:40
I0597,M034,Chicken Biryani,Biryani,285,78,207,0,2024-04-04 18:21:16
I0598,M037,Cheese Burger,Burger,236,103,133,1,2024-02-23 02:59:20
I0599,M016,Uttapam,South Indian,131,31,100,1,2022-02-14 04:07:50
I0600,M016,Ice Cream,Desserts,189,50,139,1,2022-01-16 13:50:55
I0601,M010,Spring Rolls,Chinese,232,61,171,1,2024-04-05 20:26:58
I0602,M011,Masala Chai,Beverages,135,31,104,1,2023-10-07 23:49:47
I0603,M049,Paneer Tikka Pizza,Pizza,362,160,202,1,2024-11-20 00:09:40
I0604,M005,Coke,Beverages,108,25,83,1,2024-03-14 02:29:34
I0605,M013,Coke,Beverages,134,32,102,1,2024-09-23 19:16:01
I0606,M041,Butter Chicken,Indian Main Course,372,147,225,1,2022-07-22 21:37:02
I0607,M043,Cold Coffee,Beverages,71,13,58,1,2022-10-29 16:32:31
I0608,M047,Double Patty Burger,Burger,204,93,111,1,2024-10-10 18:49:05
I0609,M025,French Fries,Snacks,74,24,50,1,2024-11-19 00:05:31
I0610,M022,Chocolate Brownie,Desserts,215,61,154,1,2025-02-19 11:26:15
I0611,M005,Veggie Burger,Burger,232,99,133,1,2022-10-31 01:17:39
I0612,M047,Paneer Biryani,Biryani,276,70,206,1,2023-09-05 18:33:10
I0613,M008,Cold Coffee,Beverages,82,13,69,1,2023-11-22 12:45:36
I0614,M001,Gulab Jamun,Desserts,227,56,171,1,2023-03-26 16:08:02
I0615,M019,Uttapam,South Indian,121,31,90,1,2024-02-20 01:55:50
I0616,M036,Aloo Gobi,Indian Main Course,158,60,98,1,2023-08-26 01:11:22
I0617,M018,Rasmalai,Desserts,241,50,191,1,2024-08-27 11:50:04
I0618,M003,Uttapam,South Indian,145,30,115,1,2023-05-13 01:45:26
I0619,M039,Cold Coffee,Beverages,111,17,94,0,2022-11-18 19:47:17
I0620,M039,Masala Chai,Beverages,127,20,107,1,2024-11-17 04:08:00
I0621,M007,Chicken 65,Snacks,117,40,77,1,2024-12-14 00:56:14
I0622,M031,Hakka Noodles,Chinese,337,92,245,1,2024-08-01 22:28:33
I0623,M005,Veggie Burger,Burger,199,87,112,1,2023-07-30 17:05:07
I0624,M032,Filter Coffee,Beverages,103,20,83,1,2024-11-21 00:17:06
I0625,M026,Pepperoni Pizza,Pizza,331,129,202,1,2023-07-09 09:07:20
I0626,M018,Uttapam,South Indian,165,43,122,1,2023-10-18 00:59:44
I0627,M043,Ice Cream,Desserts,141,33,108,1,2022-08-05 09:13:27
I0628,M004,Mango Lassi,Beverages,121,27,94,1,2023-07-05 20:49:12
I0629,M044,Paneer Tikka Pizza,Pizza,579,248,331,1,2024-08-01 10:52:57
I0630,M031,Chocolate Brownie,Desserts,241,50,191,1,2024-03-02 16:55:57
I0631,M011,Chilli Chicken,Chinese,280,95,185,1,2022-04-10 19:09:06
I0632,M025,Ice Cream,Desserts,216,60,156,1,2025-01-05 18:45:25
I0633,M044,Masala Chai,Beverages,65,10,55,1,2023-08-30 13:28:53
I0634,M006,Veg Biryani,Biryani,356,118,238,1,2023-04-22 08:23:21
I0635,M005,Garlic Naan,Indian Main Course,108,42,66,1,2024-04-26 09:42:47
I0636,M029,Spring Rolls,Chinese,256,75,181,1,2022-12-28 05:33:17
I0637,M038,Aloo Gobi,Indian Main Course,434,134,300,1,2023-11-28 18:42:43
I0638,M042,Veg Manchurian,Chinese,346,96,250,1,2022-11-24 17:29:20
I0639,M032,Hakka Noodles,Chinese,166,42,124,1,2023-11-08 18:25:47
I0640,M019,Pepperoni Pizza,Pizza,298,123,175,1,2023-03-22 18:50:21
I0641,M048,Double Patty Burger,Burger,232,100,132,1,2024-06-24 17:40:28
I0642,M007,Garlic Bread,Snacks,119,40,79,1,2023-04-25 09:59:41
I0643,M017,Mango Lassi,Beverages,71,14,57,1,2025-01-15 03:54:33
I0644,M037,French Fries,Snacks,64,17,47,1,2023-05-27 21:06:13
I0645,M011,Spring Rolls,Chinese,310,89,221,1,2023-07-21 13:16:09
I0646,M007,Mango Lassi,Beverages,57,13,44,1,2022-10-01 00:03:37
I0647,M025,Chocolate Brownie,Desserts,178,44,134,1,2024-03-04 06:26:30
I0648,M041,Gulab Jamun,Desserts,140,38,102,1,2023-09-29 15:15:54
I0649,M043,Chicken Biryani,Biryani,249,78,171,1,2023-08-31 05:21:04
I0650,M043,French Fries,Snacks,161,43,118,1,2023-12-03 17:48:03
I0651,M040,Coke,Beverages,40,9,31,1,2023-08-08 12:36:04
I0652,M023,Idli Sambar,South Indian,62,14,48,1,2024-04-19 09:33:48
I0653,M039,Gajar Halwa,Desserts,174,49,125,1,2023-05-24 02:04:59
I0654,M046,Chicken 65,Snacks,60,17,43,1,2023-01-25 20:14:39
I0655,M001,Medu Vada,South Indian,94,23,71,1,2024-04-06 21:06:29
I0656,M037,Paneer Biryani,Biryani,379,118,261,1,2024-01-26 02:29:15
I0657,M017,Margherita Pizza,Pizza,331,133,198,1,2025-01-18 15:01:23
I0658,M013,Butter Chicken,Indian Main Course,97,29,68,0,2023-10-20 07:18:50
I0659,M030,Chicken 65,Snacks,60,16,44,1,2025-01-20 11:32:40
I0660,M036,Paneer Tikka Pizza,Pizza,545,233,312,1,2024-11-07 17:48:28
I0661,M045,Margherita Pizza,Pizza,402,146,256,1,2024-07-21 22:01:15
I0662,M017,Cheese Burger,Burger,174,74,100,1,2023-07-16 20:07:00
I0663,M045,Samosa,Snacks,184,61,123,1,2024-04-02 07:16:54
I0664,M036,Coke,Beverages,30,6,24,1,2022-01-17 18:07:34
I0665,M011,Masala Chai,Beverages,105,21,84,1,2024-07-23 17:31:07
I0666,M042,Gajar Halwa,Desserts,248,74,174,1,2022-04-04 07:01:59
I0667,M003,French Fries,Snacks,138,40,98,1,2023-02-12 00:33:17
I0668,M009,Uttapam,South Indian,132,28,104,1,2023-01-26 09:36:10
I0669,M048,Medu Vada,South Indian,74,16,58,1,2023-07-15 07:19:27
I0670,M042,Aloo Gobi,Indian Main Course,410,149,261,1,2022-01-27 13:11:14
I0671,M021,Paneer Biryani,Biryani,296,92,204,1,2022-06-30 21:25:27
I0672,M029,Garlic Naan,Indian Main Course,373,121,252,1,2022-09-11 08:59:28
I0673,M049,Filter Coffee,Beverages,83,15,68,1,2023-07-28 13:09:27
I0674,M048,Veg Biryani,Biryani,298,76,222,1,2023-10-14 05:37:48
I0675,M008,Filter Coffee,Beverages,30,4,26,1,2023-10-30 18:00:40
I0676,M018,Double Patty Burger,Burger,190,89,101,1,2024-05-31 11:47:21
I0677,M020,Garlic Bread,Snacks,103,30,73,1,2023-03-26 12:18:09
I0678,M043,Vada Pav,Snacks,192,66,126,1,2022-02-01 09:14:05
I0679,M024,French Fries,Snacks,43,13,30,1,2022-06-01 09:38:30
I0680,M017,Mango Lassi,Beverages,94,14,80,1,2024-09-25 23:48:17
I0681,M012,Masala Chai,Beverages,106,21,85,1,2023-11-02 07:22:56
I0682,M040,Gajar Halwa,Desserts,86,21,65,1,2024-10-26 02:18:25
I0683,M027,Butter Chicken,Indian Main Course,354,122,232,1,2024-06-22 19:14:56
I0684,M004,Chilli Chicken,Chinese,293,91,202,1,2024-02-21 11:01:13
I0685,M002,Dal Makhani,Indian Main Course,306,112,194,1,2024-10-03 11:14:41
I0686,M024,Egg Biryani,Biryani,201,56,145,1,2023-07-19 21:05:54
I0687,M028,Egg Biryani,Biryani,455,142,313,1,2023-02-23 07:17:57
I0688,M001,Mutton Biryani,Biryani,227,76,151,1,2023-12-22 20:36:25
I0689,M029,Chicken 65,Snacks,196,59,137,1,2024-07-06 23:32:10
I0690,M024,Coke,Beverages,67,15,52,1,2022-09-01 05:31:58
I0691,M045,Mango Lassi,Beverages,143,27,116,1,2024-03-10 14:19:40
I0692,M029,Mango Lassi,Beverages,75,12,63,1,2022-02-07 20:02:47
I0693,M027,BBQ Chicken Pizza,Pizza,486,192,294,1,2023-07-01 19:08:50
I0694,M013,Chocolate Brownie,Desserts,115,27,88,1,2024-05-11 10:42:48
I0695,M026,Chocolate Brownie,Desserts,81,24,57,1,2022-05-01 18:38:10
I0696,M035,Cheese Burger,Burger,239,97,142,1,2024-08-07 00:40:06
I0697,M029,Idli Sambar,South Indian,178,45,133,1,2023-08-03 13:55:01
I0698,M006,Coke,Beverages,48,7,41,1,2024-12-27 01:45:11
I0699,M014,Coke,Beverages,84,17,67,1,2024-07-13 05:49:19
I0700,M026,Garlic Bread,Snacks,91,29,62,1,2024-10-19 20:15:15
I0701,M018,Veg Manchurian,Chinese,350,115,235,1,2024-06-17 10:25:41
I0702,M007,Veggie Burger,Burger,241,101,140,1,2023-02-01 23:40:26
I0703,M033,Paneer Butter Masala,Indian Main Course,365,133,232,1,2022-05-26 23:50:41
I0704,M046,Chocolate Brownie,Desserts,171,47,124,1,2023-07-29 11:23:34
I0705,M021,Cold Coffee,Beverages,150,24,126,1,2023-06-25 03:13:52
I0706,M001,Gulab Jamun,Desserts,247,66,181,1,2022-06-22 23:40:56
I0707,M040,Samosa,Snacks,137,47,90,1,2023-06-11 09:40:04
I0708,M046,Samosa,Snacks,170,55,115,1,2025-01-10 09:49:40
I0709,M018,Hakka Noodles,Chinese,314,88,226,1,2024-05-07 02:15:11
I0710,M019,French Fries,Snacks,126,32,94,1,2023-05-29 19:39:54
I0711,M035,Palak Paneer,Indian Main Course,175,57,118,1,2025-02-21 11:53:02
I0712,M005,Garlic Naan,Indian Main Course,427,167,260,1,2024-04-23 14:47:32
I0713,M018,Uttapam,South Indian,144,32,112,1,2024-04-28 16:10:01
I0714,M048,Hakka Noodles,Chinese,337,86,251,1,2023-04-04 00:31:59
I0715,M030,Paneer Tikka Pizza,Pizza,545,226,319,1,2023-05-01 07:41:30
I0716,M032,Margherita Pizza,Pizza,371,145,226,1,2023-04-13 09:59:19
I0717,M002,Vada Pav,Snacks,60,16,44,1,2022-12-02 07:18:48
I0718,M020,Rasmalai,Desserts,112,28,84,1,2023-03-23 12:00:41
I0719,M003,Paneer Biryani,Biryani,287,95,192,1,2022-09-11 11:17:54
I0720,M040,Chocolate Brownie,Desserts,130,28,102,1,2022-05-15 19:35:36
I0721,M049,Veggie Burger,Burger,296,123,173,1,2024-08-04 10:24:31
I0722,M045,Masala Dosa,South Indian,79,18,61,1,2023-11-07 07:00:02
I0723,M012,BBQ Chicken Pizza,Pizza,390,144,246,1,2023-04-12 12:01:09
I0724,M011,Veg Manchurian,Chinese,166,54,112,1,2023-05-25 06:45:33
I0725,M048,Mutton Biryani,Biryani,221,70,151,0,2022-09-16 14:47:26
I0726,M049,Aloo Gobi,Indian Main Course,361,131,230,1,2022-08-31 20:47:34
I0727,M045,Paneer Butter Masala,Indian Main Course,378,144,234,1,2023-09-28 17:17:47
I0728,M015,Medu Vada,South Indian,180,36,144,1,2023-09-29 02:12:07
I0729,M043,Classic Chicken Burger,Burger,174,70,104,1,2022-06-24 17:38:53
I0730,M005,Masala Dosa,South Indian,99,25,74,1,2022-02-04 23:58:04
I0731,M027,Palak Paneer,Indian Main Course,316,116,200,1,2022-10-22 00:04:27
I0732,M016,Garlic Naan,Indian Main Course,381,137,244,1,2022-01-02 01:19:18
I0733,M032,Samosa,Snacks,184,47,137,1,2024-04-13 13:20:07
I0734,M023,Classic Chicken Burger,Burger,281,130,151,1,2024-06-14 08:42:34
I0735,M006,Paneer Tikka Pizza,Pizza,336,127,209,1,2022-01-07 00:31:04
I0736,M027,Palak Paneer,Indian Main Course,139,46,93,1,2024-03-30 20:24:48
I0737,M022,Chilli Chicken,Chinese,291,92,199,1,2023-05-16 03:54:04
I0738,M040,Spring Rolls,Chinese,205,70,135,1,2024-09-21 02:37:06
I0739,M028,Garlic Naan,Indian Main Course,252,80,172,1,2023-12-16 01:55:59
I0740,M039,Veg Manchurian,Chinese,200,61,139,1,2022-01-02 20:31:07
I0741,M033,Margherita Pizza,Pizza,569,251,318,1,2023-09-07 05:00:42
I0742,M034,Uttapam,South Indian,106,27,79,1,2023-04-12 23:06:39
I0743,M007,French Fries,Snacks,123,31,92,1,2024-08-11 01:08:04
I0744,M019,Veg Manchurian,Chinese,206,57,149,1,2023-05-09 06:36:36
I0745,M042,Double Patty Burger,Burger,221,108,113,1,2023-10-13 03:52:46
I0746,M019,Veg Biryani,Biryani,462,161,301,1,2023-03-07 03:07:45
I0747,M032,French Fries,Snacks,188,48,140,1,2024-06-27 07:31:19
I0748,M032,French Fries,Snacks,62,16,46,1,2023-04-02 11:11:39
I0749,M031,Masala Dosa,South Indian,169,35,134,1,2023-01-12 06:00:21
I0750,M042,Chicken 65,Snacks,52,14,38,1,2022-09-11 00:03:35
I0751,M016,Cheese Burger,Burger,225,90,135,1,2023-05-03 06:20:29
I0752,M034,Paneer Tikka Pizza,Pizza,445,173,272,1,2023-12-03 13:20:16
I0753,M011,Uttapam,South Indian,78,22,56,1,2023-06-18 16:10:47
I0754,M006,Chicken 65,Snacks,98,31,67,1,2023-06-25 01:46:02
I0755,M005,Margherita Pizza,Pizza,359,135,224,1,2023-06-23 02:34:45
I0756,M022,Chocolate Brownie,Desserts,236,65,171,1,2022-08-16 18:40:38
I0757,M027,Rasmalai,Desserts,247,49,198,1,2022-03-04 06:36:04
I0758,M031,Dal Makhani,Indian Main Course,118,35,83,1,2024-07-08 23:00:44
I0759,M041,Masala Dosa,South Indian,73,16,57,1,2025-01-28 06:08:54
I0760,M041,Veg Biryani,Biryani,259,65,194,1,2023-12-07 19:35:43
I0761,M009,Margherita Pizza,Pizza,597,224,373,1,2022-05-13 20:48:19
I0762,M004,Cheese Burger,Burger,188,79,109,1,2022-06-26 17:05:45
I0763,M013,Dal Makhani,Indian Main Course,215,70,145,1,2023-10-13 19:11:06
I0764,M034,Chilli Chicken,Chinese,173,44,129,1,2023-01-15 16:49:06
I0765,M027,Veg Manchurian,Chinese,347,88,259,1,2022-09-22 10:30:00
I0766,M026,Garlic Naan,Indian Main Course,236,79,157,1,2023-12-16 07:29:49
I0767,M035,Double Patty Burger,Burger,233,101,132,1,2022-12-21 01:33:17
I0768,M007,Ice Cream,Desserts,182,52,130,1,2025-01-26 21:52:39
I0769,M016,Masala Dosa,South Indian,176,52,124,1,2024-07-02 12:58:00
I0770,M023,Gajar Halwa,Desserts,156,31,125,1,2022-06-24 14:55:09
I0771,M048,Paneer Tikka Pizza,Pizza,354,126,228,1,2023-10-31 18:36:37
I0772,M040,Veg Biryani,Biryani,479,123,356,1,2023-08-24 15:01:46
I0773,M048,Chicken 65,Snacks,141,45,96,1,2023-07-07 12:41:52
I0774,M026,Paneer Biryani,Biryani,352,114,238,1,2023-11-22 03:42:51
I0775,M020,Paneer Biryani,Biryani,473,120,353,1,2023-03-20 05:38:20
I0776,M004,Butter Chicken,Indian Main Course,420,145,275,1,2024-06-29 16:20:55
I0777,M024,Aloo Gobi,Indian Main Course,381,140,241,1,2023-01-13 22:57:07
I0778,M033,Mango Lassi,Beverages,101,16,85,1,2024-03-16 23:37:29
I0779,M002,Garlic Bread,Snacks,171,54,117,1,2022-12-19 09:32:23
I0780,M012,Veggie Burger,Burger,293,133,160,1,2022-06-16 06:32:05
I0781,M032,Veg Manchurian,Chinese,272,72,200,0,2024-01-20 10:59:00
I0782,M009,Ice Cream,Desserts,197,41,156,1,2023-05-31 11:13:28
I0783,M018,Hakka Noodles,Chinese,245,73,172,1,2023-08-03 07:42:35
I0784,M006,Dal Makhani,Indian Main Course,425,132,293,1,2024-11-02 07:18:01
I0785,M040,Veg Manchurian,Chinese,312,88,224,1,2023-07-30 14:41:45
I0786,M021,Samosa,Snacks,168,42,126,1,2022-12-19 18:55:06
I0787,M017,Dal Makhani,Indian Main Course,394,132,262,1,2023-08-06 11:35:05
I0788,M043,Palak Paneer,Indian Main Course,172,52,120,1,2023-08-29 11:49:26
I0789,M038,Chilli Chicken,Chinese,306,94,212,1,2022-10-23 04:35:53
I0790,M047,Margherita Pizza,Pizza,498,202,296,1,2025-01-28 14:54:25
I0791,M050,Gulab Jamun,Desserts,219,65,154,1,2022-05-27 12:46:05
I0792,M043,Classic Chicken Burger,Burger,194,86,108,0,2022-08-28 21:30:13
I0793,M048,Paneer Butter Masala,Indian Main Course,366,131,235,1,2024-03-21 12:12:10
I0794,M041,Spring Rolls,Chinese,178,51,127,1,2025-01-12 00:13:22
I0795,M035,Palak Paneer,Indian Main Course,354,139,215,1,2024-06-05 01:38:58
I0796,M048,Aloo Gobi,Indian Main Course,441,163,278,0,2023-01-06 19:32:56
I0797,M047,Cheese Burger,Burger,264,120,144,0,2022-09-14 20:15:17
I0798,M016,Margherita Pizza,Pizza,403,152,251,0,2022-05-08 01:51:32
I0799,M043,Gajar Halwa,Desserts,80,23,57,1,2023-12-15 08:45:33
I0800,M010,Garlic Bread,Snacks,110,36,74,1,2024-10-06 07:57:47
I0801,M031,Margherita Pizza,Pizza,271,113,158,1,2023-11-29 10:50:20
I0802,M024,Spring Rolls,Chinese,345,117,228,1,2022-10-12 03:24:00
I0803,M006,Margherita Pizza,Pizza,546,235,311,1,2024-08-02 08:11:41
I0804,M033,Dal Makhani,Indian Main Course,236,72,164,1,2022-11-19 15:18:06
I0805,M021,Double Patty Burger,Burger,206,101,105,0,2024-11-12 06:24:57
I0806,M031,Margherita Pizza,Pizza,266,106,160,1,2024-05-01 03:04:58
I0807,M015,Chicken 65,Snacks,116,31,85,0,2022-10-12 04:24:02
I0808,M007,Gajar Halwa,Desserts,110,27,83,1,2024-10-06 23:00:37
I0809,M010,Gulab Jamun,Desserts,122,35,87,1,2022-04-03 13:29:31
I0810,M002,Veg Biryani,Biryani,349,111,238,1,2022-08-05 18:40:32
I0811,M035,Coke,Beverages,90,16,74,1,2022-12-23 05:52:16
I0812,M040,Vada Pav,Snacks,182,60,122,1,2024-09-14 03:34:30
I0813,M006,Idli Sambar,South Indian,66,18,48,1,2023-12-26 17:44:39
I0814,M014,Pepperoni Pizza,Pizza,276,99,177,1,2023-05-14 13:55:49
I0815,M044,Gulab Jamun,Desserts,209,50,159,1,2022-11-13 06:08:24
I0816,M029,Garlic Bread,Snacks,179,52,127,1,2023-05-25 15:40:48
I0817,M001,Mutton Biryani,Biryani,413,107,306,1,2022-01-29 21:31:21
I0818,M013,Chocolate Brownie,Desserts,215,57,158,0,2024-04-22 21:43:58
I0819,M050,Masala Chai,Beverages,79,15,64,1,2024-10-22 16:56:53
I0820,M004,Spring Rolls,Chinese,281,76,205,1,2024-04-08 04:42:11
I0821,M007,Chilli Chicken,Chinese,202,65,137,1,2024-09-21 15:42:50
I0822,M026,Paneer Tikka Pizza,Pizza,485,210,275,1,2024-11-11 14:22:46
I0823,M025,Pepperoni Pizza,Pizza,426,173,253,1,2023-03-24 09:07:06
I0824,M010,Garlic Naan,Indian Main Course,431,170,261,1,2022-09-29 03:34:38
I0825,M044,Samosa,Snacks,173,48,125,1,2023-01-21 11:40:48
I0826,M040,Masala Dosa,South Indian,124,25,99,1,2022-11-03 19:46:38
I0827,M010,Masala Dosa,South Indian,167,37,130,1,2023-02-09 14:11:31
I0828,M021,BBQ Chicken Pizza,Pizza,350,127,223,1,2023-01-09 12:05:33
I0829,M017,Dal Makhani,Indian Main Course,157,48,109,1,2023-04-10 16:58:14
I0830,M016,Paneer Biryani,Biryani,375,93,282,1,2022-12-16 10:17:59
I0831,M008,Margherita Pizza,Pizza,552,224,328,1,2022-11-17 19:35:06
I0832,M003,Cold Coffee,Beverages,43,6,37,1,2022-07-24 19:31:44
I0833,M025,Paneer Tikka Pizza,Pizza,313,137,176,1,2023-09-16 20:51:55
I0834,M012,Veg Manchurian,Chinese,323,92,231,1,2024-10-05 05:33:44
I0835,M013,Veggie Burger,Burger,222,93,129,1,2024-11-27 08:39:50
I0836,M031,Mango Lassi,Beverages,110,24,86,1,2023-10-11 19:02:56
I0837,M001,Ice Cream,Desserts,138,35,103,1,2022-11-20 04:28:52
I0838,M020,Veggie Burger,Burger,154,74,80,1,2023-12-25 11:48:59
I0839,M040,Medu Vada,South Indian,143,35,108,1,2024-03-04 01:09:14
I0840,M029,Uttapam,South Indian,158,36,122,1,2024-01-20 13:24:55
I0841,M007,Masala Chai,Beverages,75,17,58,1,2023-10-09 09:32:27
I0842,M046,Veg Biryani,Biryani,388,127,261,1,2023-12-01 01:36:22
I0843,M038,Masala Dosa,South Indian,73,20,53,1,2024-10-08 18:50:20
I0844,M006,Vada Pav,Snacks,88,23,65,1,2024-12-27 23:25:17
I0845,M003,Masala Chai,Beverages,58,13,45,1,2022-02-13 14:28:56
I0846,M024,Uttapam,South Indian,160,44,116,1,2025-01-12 17:04:52
I0847,M039,Rava Dosa,South Indian,158,37,121,0,2022-05-04 16:42:27
I0848,M004,Pepperoni Pizza,Pizza,420,150,270,1,2024-05-30 08:55:51
I0849,M029,Hakka Noodles,Chinese,346,116,230,1,2023-09-23 20:39:28
I0850,M037,Medu Vada,South Indian,133,36,97,1,2024-02-15 07:38:36
I0851,M003,Gulab Jamun,Desserts,131,27,104,1,2024-10-30 15:55:00
I0852,M008,Paneer Biryani,Biryani,286,98,188,0,2023-08-23 19:25:40
I0853,M027,BBQ Chicken Pizza,Pizza,276,99,177,1,2022-03-20 21:30:58
I0854,M040,Mango Lassi,Beverages,62,11,51,1,2023-11-22 23:13:20
I0855,M031,Chilli Chicken,Chinese,309,103,206,1,2022-07-24 16:56:52
I0856,M048,Cheese Burger,Burger,188,90,98,0,2023-04-16 11:16:32
I0857,M032,Spring Rolls,Chinese,345,89,256,1,2023-06-06 13:46:28
I0858,M037,Mango Lassi,Beverages,63,15,48,0,2022-01-11 03:07:29
I0859,M039,Aloo Gobi,Indian Main Course,210,67,143,1,2023-01-05 15:21:53
I0860,M008,Margherita Pizza,Pizza,329,120,209,1,2023-08-27 16:14:47
I0861,M042,Ice Cream,Desserts,160,38,122,1,2024-04-20 23:25:03
I0862,M036,Cheese Burger,Burger,264,113,151,1,2024-01-13 09:56:44
I0863,M013,Veggie Burger,Burger,210,96,114,1,2023-05-31 23:40:54
I0864,M005,French Fries,Snacks,76,25,51,1,2023-12-08 23:21:51
I0865,M035,Fried Rice,Chinese,203,59,144,1,2023-04-25 14:36:39
I0866,M003,Chicken Biryani,Biryani,444,135,309,1,2024-08-03 03:04:53
I0867,M031,Gajar Halwa,Desserts,158,33,125,1,2024-06-05 16:08:39
I0868,M006,Uttapam,South Indian,94,19,75,1,2022-12-18 09:21:11
I0869,M045,Paneer Tikka Pizza,Pizza,318,114,204,1,2024-03-15 10:35:16
I0870,M026,Margherita Pizza,Pizza,506,210,296,1,2024-04-04 18:15:22
I0871,M005,Masala Dosa,South Indian,103,24,79,1,2022-03-10 04:18:40
I0872,M036,Veg Manchurian,Chinese,147,44,103,1,2022-02-07 19:38:12
I0873,M045,Fried Rice,Chinese,168,47,121,1,2022-08-31 19:19:01
I0874,M020,Veggie Burger,Burger,240,100,140,1,2024-08-16 21:55:51
I0875,M038,Palak Paneer,Indian Main Course,421,138,283,1,2025-02-09 17:59:19
I0876,M008,Paneer Butter Masala,Indian Main Course,224,76,148,1,2024-05-24 05:29:58
I0877,M049,Paneer Biryani,Biryani,335,115,220,1,2022-10-05 08:25:14
I0878,M020,Double Patty Burger,Burger,256,126,130,1,2023-12-16 16:24:24
I0879,M021,Chicken Biryani,Biryani,492,161,331,1,2024-03-14 07:42:51
I0880,M014,Paneer Tikka Pizza,Pizza,460,169,291,1,2022-10-23 12:12:49
I0881,M041,Aloo Gobi,Indian Main Course,96,32,64,1,2023-09-19 16:03:58
I0882,M016,Rasmalai,Desserts,215,44,171,1,2022-03-18 07:16:49
I0883,M012,Gulab Jamun,Desserts,211,59,152,0,2022-10-25 12:14:44
I0884,M017,Hakka Noodles,Chinese,335,102,233,1,2023-09-13 15:01:38
I0885,M004,Double Patty Burger,Burger,228,106,122,1,2024-11-18 06:38:47
I0886,M040,Dal Makhani,Indian Main Course,104,35,69,1,2022-06-17 16:48:51
I0887,M004,Double Patty Burger,Burger,291,131,160,1,2024-01-22 06:24:30
I0888,M035,Veggie Burger,Burger,132,58,74,1,2024-04-15 14:19:38
I0889,M030,Cold Coffee,Beverages,99,20,79,1,2024-04-22 23:55:44
I0890,M005,Chocolate Brownie,Desserts,96,22,74,1,2022-10-11 23:43:32
I0891,M005,Double Patty Burger,Burger,281,118,163,1,2022-02-14 15:15:33
I0892,M029,Filter Coffee,Beverages,118,23,95,1,2023-07-16 08:22:53
I0893,M048,Veg Biryani,Biryani,401,115,286,1,2024-09-02 18:55:53
I0894,M018,Mango Lassi,Beverages,109,22,87,1,2023-01-24 10:54:37
I0895,M034,Rasmalai,Desserts,141,36,105,1,2023-02-22 07:23:18
I0896,M007,Rasmalai,Desserts,176,39,137,1,2022-10-10 08:20:52
I0897,M048,Egg Biryani,Biryani,432,117,315,1,2022-08-15 19:16:16
I0898,M001,Masala Dosa,South Indian,87,20,67,1,2022-11-26 04:22:03
I0899,M036,Masala Chai,Beverages,132,23,109,1,2022-06-27 15:07:34
I0900,M006,Margherita Pizza,Pizza,440,161,279,1,2023-04-11 08:16:27
I0901,M026,Margherita Pizza,Pizza,305,106,199,1,2023-06-13 21:55:57
I0902,M049,BBQ Chicken Pizza,Pizza,517,191,326,1,2024-12-15 12:22:09
I0903,M044,Veggie Burger,Burger,229,111,118,1,2025-01-26 09:58:02
I0904,M004,Veg Biryani,Biryani,252,64,188,1,2023-11-06 20:18:17
I0905,M027,Veg Biryani,Biryani,340,96,244,1,2023-06-04 13:02:47
I0906,M019,Margherita Pizza,Pizza,577,208,369,1,2023-10-17 03:46:39
I0907,M017,Mango Lassi,Beverages,35,6,29,1,2023-04-06 05:41:33
I0908,M035,Classic Chicken Burger,Burger,289,119,170,1,2024-06-23 11:31:46
I0909,M024,Masala Chai,Beverages,63,11,52,1,2022-01-05 11:15:57
I0910,M014,Rava Dosa,South Indian,124,30,94,1,2022-10-10 14:51:07
I0911,M006,Garlic Naan,Indian Main Course,228,84,144,1,2022-11-29 22:20:41
I0912,M048,Uttapam,South Indian,110,24,86,1,2022-03-27 19:50:36
I0913,M014,Veg Manchurian,Chinese,308,96,212,1,2022-12-23 09:41:32
I0914,M021,BBQ Chicken Pizza,Pizza,462,182,280,1,2023-09-04 14:31:55
I0915,M034,Pepperoni Pizza,Pizza,580,239,341,1,2024-01-06 20:29:03
I0916,M021,BBQ Chicken Pizza,Pizza,253,98,155,1,2024-04-29 08:53:07
I0917,M012,Veg Manchurian,Chinese,239,64,175,1,2024-03-08 10:52:32
I0918,M020,Double Patty Burger,Burger,213,92,121,1,2022-09-27 06:16:44
I0919,M012,Idli Sambar,South Indian,74,14,60,1,2023-02-09 19:32:43
I0920,M039,Paneer Tikka Pizza,Pizza,546,214,332,1,2022-11-16 13:53:05
I0921,M045,Mutton Biryani,Biryani,227,72,155,1,2024-05-05 13:46:36
I0922,M040,Idli Sambar,South Indian,80,19,61,1,2024-06-06 17:48:39
I0923,M005,BBQ Chicken Pizza,Pizza,318,123,195,1,2024-12-12 19:24:08
I0924,M006,BBQ Chicken Pizza,Pizza,582,226,356,1,2024-07-08 12:08:40
I0925,M029,Chicken 65,Snacks,114,37,77,0,2023-07-01 13:48:46
I0926,M004,Margherita Pizza,Pizza,568,223,345,1,2022-01-10 23:15:32
I0927,M006,Double Patty Burger,Burger,186,80,106,1,2023-07-14 01:13:30
I0928,M049,Dal Makhani,Indian Main Course,399,123,276,1,2023-06-12 13:34:11
I0929,M006,Rava Dosa,South Indian,92,23,69,1,2023-07-22 04:51:09
I0930,M034,Paneer Tikka Pizza,Pizza,267,105,162,1,2023-01-14 08:51:35
I0931,M035,Veggie Burger,Burger,133,65,68,1,2025-01-24 18:05:02
I0932,M025,Veggie Burger,Burger,242,106,136,1,2022-10-12 02:35:03
I0933,M024,Vada Pav,Snacks,148,49,99,1,2024-05-22 14:50:24
I0934,M049,Chicken 65,Snacks,155,50,105,1,2024-11-09 04:22:41
I0935,M033,Pepperoni Pizza,Pizza,400,174,226,1,2024-02-18 02:58:00
I0936,M015,Palak Paneer,Indian Main Course,370,123,247,1,2023-02-09 12:08:51
I0937,M036,Idli Sambar,South Indian,123,25,98,1,2022-12-31 04:07:59
I0938,M017,Veg Biryani,Biryani,497,172,325,1,2024-08-12 02:16:08
I0939,M031,Veg Manchurian,Chinese,339,112,227,1,2024-08-23 15:25:52
I0940,M018,Chocolate Brownie,Desserts,136,30,106,1,2024-03-10 11:26:19
I0941,M010,Spring Rolls,Chinese,234,68,166,1,2022-05-19 12:16:13
I0942,M017,Veg Biryani,Biryani,396,104,292,1,2024-01-28 17:23:44
I0943,M001,Veggie Burger,Burger,225,91,134,1,2024-10-14 12:45:05
I0944,M018,Chocolate Brownie,Desserts,206,52,154,1,2023-02-21 05:55:26
I0945,M039,Filter Coffee,Beverages,100,15,85,1,2024-01-15 14:51:09
I0946,M030,Idli Sambar,South Indian,179,49,130,1,2022-11-16 02:25:43
I0947,M024,Veg Manchurian,Chinese,243,67,176,1,2024-10-01 02:30:40
I0948,M028,Medu Vada,South Indian,95,21,74,1,2022-04-15 02:31:55
I0949,M011,Masala Dosa,South Indian,91,21,70,1,2025-01-11 23:43:04
I0950,M049,Mutton Biryani,Biryani,452,145,307,1,2022-11-21 23:46:05
I0951,M049,Veg Manchurian,Chinese,254,67,187,1,2024-01-01 19:10:53
I0952,M030,Veggie Burger,Burger,238,111,127,1,2023-10-04 08:24:30
I0953,M034,Chilli Chicken,Chinese,244,69,175,1,2023-09-28 06:27:43
I0954,M029,Aloo Gobi,Indian Main Course,212,74,138,1,2024-02-09 13:30:01
I0955,M016,Aloo Gobi,Indian Main Course,433,135,298,1,2023-08-21 08:22:11
I0956,M004,Rava Dosa,South Indian,147,37,110,1,2023-07-25 08:27:39
I0957,M029,Filter Coffee,Beverages,83,14,69,1,2023-12-01 16:44:13
I0958,M046,Spring Rolls,Chinese,313,94,219,1,2022-02-25 15:32:15
I0959,M003,Paneer Biryani,Biryani,263,78,185,1,2024-09-23 21:23:27
I0960,M046,Garlic Bread,Snacks,142,43,99,1,2023-03-19 06:02:47
I0961,M002,Paneer Butter Masala,Indian Main Course,372,138,234,1,2024-04-18 06:42:20
I0962,M036,Chicken Biryani,Biryani,394,128,266,0,2023-09-14 05:46:44
I0963,M047,Coke,Beverages,76,14,62,1,2024-11-22 14:57:50
I0964,M022,Chocolate Brownie,Desserts,181,52,129,1,2023-05-31 06:32:00
I0965,M029,Rava Dosa,South Indian,173,39,134,1,2023-07-02 11:05:37
I0966,M048,Veg Manchurian,Chinese,339,93,246,1,2023-02-17 02:16:02
I0967,M029,Uttapam,South Indian,168,48,120,1,2022-12-04 19:06:04
I0968,M047,Palak Paneer,Indian Main Course,171,66,105,1,2024-09-17 06:54:29
I0969,M045,Veg Biryani,Biryani,277,86,191,1,2023-07-20 20:18:06
I0970,M005,Palak Paneer,Indian Main Course,136,47,89,1,2023-03-12 10:16:57
I0971,M014,Garlic Bread,Snacks,163,43,120,1,2023-01-31 19:09:15
I0972,M045,Chilli Chicken,Chinese,252,82,170,1,2025-02-01 02:12:07
I0973,M039,BBQ Chicken Pizza,Pizza,293,106,187,1,2022-02-15 15:50:33
I0974,M049,Gulab Jamun,Desserts,232,47,185,1,2023-08-27 06:00:05
I0975,M020,Hakka Noodles,Chinese,169,47,122,1,2024-05-28 02:10:52
I0976,M040,French Fries,Snacks,110,35,75,0,2023-03-24 02:58:46
I0977,M050,Masala Chai,Beverages,34,6,28,1,2022-02-23 04:34:21
I0978,M034,Medu Vada,South Indian,115,26,89,1,2023-09-10 16:06:25
I0979,M030,Classic Chicken Burger,Burger,270,114,156,1,2022-04-02 07:21:47
I0980,M046,Veggie Burger,Burger,256,106,150,1,2024-04-25 20:45:42
I0981,M008,Rava Dosa,South Indian,165,46,119,1,2023-06-21 01:35:28
I0982,M049,Samosa,Snacks,180,58,122,1,2022-11-24 18:13:53
I0983,M017,Veggie Burger,Burger,194,92,102,1,2023-01-23 23:08:52
I0984,M005,Spring Rolls,Chinese,143,47,96,1,2024-08-30 08:37:09
I0985,M050,Chocolate Brownie,Desserts,85,17,68,0,2023-05-27 11:10:26
I0986,M001,Paneer Tikka Pizza,Pizza,596,232,364,1,2023-06-21 10:43:43
I0987,M008,Idli Sambar,South Indian,65,16,49,1,2023-09-24 02:42:00
I0988,M008,Filter Coffee,Beverages,39,8,31,1,2024-07-24 16:55:43
I0989,M012,Double Patty Burger,Burger,177,84,93,1,2024-07-11 11:12:10
I0990,M040,Paneer Butter Masala,Indian Main Course,275,88,187,1,2023-12-11 12:13:33
I0991,M027,Fried Rice,Chinese,193,61,132,1,2023-08-17 06:50:12
I0992,M016,Palak Paneer,Indian Main Course,246,91,155,1,2022-06-19 09:27:44
I0993,M050,Mango Lassi,Beverages,93,15,78,1,2023-10-14 14:48:48
I0994,M020,Masala Chai,Beverages,74,11,63,1,2022-05-30 13:02:10
I0995,M013,Cheese Burger,Burger,252,118,134,0,2023-09-29 22:16:26
I0996,M032,Masala Chai,Beverages,147,31,116,0,2022-04-08 19:26:24
I0997,M034,Gulab Jamun,Desserts,124,26,98,1,2024-11-26 23:32:04
I0998,M035,Margherita Pizza,Pizza,575,251,324,1,2024-05-26 00:04:55
I0999,M039,Paneer Biryani,Biryani,245,68,177,1,2023-09-24 05:10:48
I1000,M013,Cheese Burger,Burger,133,64,69,1,2022-06-15 09:17:23
